----------------------	1	0-0	Arcane Tailoring
Abjuration Ward Stone	57	2-19	Clockwork Engineering/Arcane Tailoring/Golemancy/Glyph Inscription/Relic Restoration/Crystal Shaping/Sigilcraft/Siege Engineering/Astral Navigation/Potionmaking/Spirit Cooking/Celestial Metallurgy
Aboleth Membrane	2	9-13	Beast Taming/Dragon Carving
Aboleth Slime	3	11-15	Tide Craft/Bone Carving/Dragon Carving
Absence Wire	8	1-8	Void Smithing
Abyssal Ash	8	1-8	Infernal Forging
Abyssal Bronze	24	3-17	Infernal Forging/Relic Restoration/Sigilcraft/Potionmaking/Blood Alchemy
Abyssal Obsidian	5	11-20	Astral Navigation/Elemental Binding/Crystal Shaping/Void Smithing
Adamantine	327	3-20	Relic Restoration/Blacksmithing/Siege Engineering/Infernal Forging/Golemancy/Clockwork Engineering/Stonecutting/Beast Taming/Glyph Inscription/Sigilcraft/Astral Navigation/Blood Alchemy/Crystal Shaping/Soul Binding/Potionmaking/Spirit Cooking/Dragon Carving/Celestial Metallurgy
Air Elemental Essence	3	13-20	Blacksmithing/Elemental Binding
Alchemist's Gold	5	9-13	Clockwork Engineering/Siege Engineering/Void Smithing/Relic Restoration/Celestial Metallurgy
Alexandrite	26	2-20	Crystal Shaping/Stonecutting/Elemental Binding/Sigilcraft/Glyph Inscription/Potionmaking
All domain gems	2	15-18	Crystal Shaping
All domain gems — one of each	1	15-15	Sigilcraft
Alpha's Claw	23	1-18	Beast Taming
Amber	7	9-16	Woodworking/Spirit Cooking/Potionmaking/Stonecutting/Glyph Inscription
Amethyst	52	2-20	Crystal Shaping/Celestial Metallurgy/Stonecutting/Potionmaking/Spirit Cooking/Relic Restoration/Beast Taming/Glyph Inscription/Soul Binding
Animus Stone	8	1-8	Golemancy
Aquamarine	35	2-20	Crystal Shaping/Astral Navigation/Sigilcraft/Celestial Metallurgy/Stonecutting/Glyph Inscription/Potionmaking/Relic Restoration/Beast Taming
Arcane Thread	8	1-8	Arcane Tailoring
Arcanite	3	10-12	Arcane Tailoring/Relic Restoration/Glyph Inscription
Ash	22	1-19	Woodworking/Siege Engineering/Tide Craft/Potionmaking
Ashbone	5	10-20	Bone Carving/Dragon Carving/Blood Alchemy/Tide Craft
Ashwood	20	13-17	Elemental Binding/Woodworking/Beast Taming
Ashwood Dowel	8	1-8	Woodworking
Astral Flux	8	1-8	Celestial Metallurgy
Astral Silver	5	9-19	Golemancy/Relic Restoration/Blacksmithing/Infernal Forging
Banshee Wail Crystal	3	9-18	Beast Taming/Blood Alchemy/Dragon Carving
Basilisk Scale	1	10-10	Tide Craft
Beast Hide Strap	19	1-19	Beast Taming
Behemoth Hide	3	11-13	Beast Taming/Bone Carving/Dragon Carving
Beholder Eye	5	12-17	Beast Taming/Bone Carving/Dragon Carving/Blood Alchemy
Binding Chain	8	1-8	Infernal Forging
Binding Crystal	8	1-8	Elemental Binding
Binding Dye	27	1-18	Arcane Tailoring/Shadow Weaving
Binding Mortar	8	1-8	Stonecutting
Binding Resin	18	1-18	Relic Restoration
Binding Salt	24	1-19	Spirit Cooking
Binding Sigil Ink	9	1-15	Soul Binding
Binding Sigil Plate	8	1-8	Golemancy
Binding Wax	18	1-17	Blood Alchemy
Binding Wire	8	1-8	Sigilcraft
Black Dragon Scale	2	11-14	Blacksmithing
Blackthorn	21	7-20	Woodworking/Beast Taming/Siege Engineering
Blood Magic Carnelian	75	2-20	Blood Alchemy/Clockwork Engineering/Arcane Tailoring/Golemancy/Glyph Inscription/Blacksmithing/Sigilcraft/Spirit Cooking
Bloodfire Ruby	3	9-15	Astral Navigation/Sigilcraft/Celestial Metallurgy
Bloodiron	8	9-16	Blacksmithing/Void Smithing/Golemancy/Relic Restoration/Stonecutting/Siege Engineering
Bloodstone	177	1-20	Blood Alchemy/Crystal Shaping/Void Smithing/Blacksmithing/Glyph Inscription/Astral Navigation/Sigilcraft/Potionmaking/Spirit Cooking/Dragon Carving
Bloodwood	6	9-18	Woodworking/Tide Craft/Siege Engineering
Blue Dragon Scale	1	9-9	Infernal Forging
Bonding Sigil Ink	15	1-19	Beast Taming
Bone	82	1-19	Spirit Cooking/Relic Restoration/Soul Binding/Beast Taming/Arcane Tailoring/Dragon Carving/Tide Craft/Blood Alchemy/Potionmaking/Blacksmithing
Bone Broth	18	1-18	Spirit Cooking
Bone Dust	10	1-19	Dragon Carving
Bone Shard	8	1-8	Bone Carving
Brass	2	2-2	Astral Navigation/Clockwork Engineering
Brass Gear	17	1-17	Clockwork Engineering
Brimstone	3	9-11	Elemental Binding/Crystal Shaping/Sigilcraft
Brimstone Ingot	8	1-8	Infernal Forging
Bronze	26	1-18	Blacksmithing/Siege Engineering/Relic Restoration
Bronze Dragon Scale	3	11-14	Clockwork Engineering/Siege Engineering/Relic Restoration
Carving Oil	17	1-9	Dragon Carving/Bone Carving
Celestial Gold	164	2-20	Relic Restoration/Potionmaking/Blood Alchemy/Spirit Cooking/Celestial Metallurgy/Blacksmithing/Stonecutting/Beast Taming/Astral Navigation/Glyph Inscription/Sigilcraft/Soul Binding
Celestial Gold Leaf	8	1-8	Celestial Metallurgy
Celestial Marble	4	11-16	Infernal Forging/Shadow Weaving/Soul Binding
Celestial Starfire	41	8-20	Potionmaking/Spirit Cooking/Crystal Shaping/Sigilcraft/Glyph Inscription/Relic Restoration/Celestial Metallurgy/Siege Engineering/Beast Taming
Chalk	1	12-12	Astral Navigation
Chaos Matter	6	10-20	Astral Navigation/Shadow Weaving/Soul Binding/Relic Restoration
Chisel Dust	8	1-8	Stonecutting
Chitin	34	2-18	Beast Taming/Arcane Tailoring/Dragon Carving/Tide Craft/Blood Alchemy/Potionmaking
Chronomancy Shard	82	4-20	Relic Restoration/Spirit Cooking/Astral Navigation/Arcane Tailoring/Golemancy/Glyph Inscription/Potionmaking/Sigilcraft/Crystal Shaping/Clockwork Engineering/Siege Engineering
Clay Composite	8	1-8	Golemancy
Cleaning Solvent	20	1-17	Relic Restoration
Cold Iron	22	10-17	Blacksmithing/Siege Engineering/Golemancy/Infernal Forging
Coldstone	4	10-20	Elemental Binding/Crystal Shaping/Void Smithing
Collapsed Matter	8	1-8	Void Smithing
Comet Alloy	8	1-8	Celestial Metallurgy
Comet Dust	23	1-20	Astral Navigation
Conduit Thread	8	1-8	Sigilcraft
Conjuration Amber	19	6-17	Arcane Tailoring/Glyph Inscription/Crystal Shaping/Siege Engineering/Relic Restoration/Astral Navigation/Sigilcraft
Containment Glass	8	1-8	Elemental Binding
Copper	184	1-19	Siege Engineering/Potionmaking/Astral Navigation/Blood Alchemy/Relic Restoration/Beast Taming/Clockwork Engineering/Blacksmithing/Stonecutting/Celestial Metallurgy/Infernal Forging/Glyph Inscription/Spirit Cooking
Copper Dragon Scale	4	17-19	Blacksmithing/Clockwork Engineering
Copper Wire	21	1-16	Clockwork Engineering
Coral Fragment	8	1-8	Tide Craft
Corrosive Salt	6	10-18	Spirit Cooking/Potionmaking
Counterweight Stone	19	1-17	Siege Engineering
Crimson Salt	22	1-17	Blood Alchemy
Crimsonite	3	13-20	Crystal Shaping/Sigilcraft/Astral Navigation
Crushed Mineral	11	1-17	Potionmaking
Crystal	32	1-11	Astral Navigation/Blood Alchemy/Clockwork Engineering/Siege Engineering/Relic Restoration
Crystal Spellshard	1	12-12	Crystal Shaping
Cursed Coal	8	1-8	Infernal Forging
Darksteel	3	9-15	Infernal Forging/Blacksmithing
Deep Iron	8	1-8	Tide Craft
Deepstone	31	2-20	Elemental Binding/Stonecutting/Blacksmithing/Glyph Inscription/Crystal Shaping/Relic Restoration/Potionmaking/Siege Engineering
Diamond	421	1-20	Relic Restoration/Crystal Shaping/Potionmaking/Glyph Inscription/Spirit Cooking/Siege Engineering/Astral Navigation/Blood Alchemy/Elemental Binding/Void Smithing/Beast Taming/Dragon Carving/Soul Binding/Sigilcraft/Celestial Metallurgy/Clockwork Engineering
Dim Silk	17	1-19	Shadow Weaving
Displacer Beast Pelt	5	11-20	Beast Taming/Dragon Carving/Blood Alchemy/Bone Carving
Distilled Marrow	19	1-16	Blood Alchemy
Distilled Water	11	1-17	Potionmaking
Divination Eye	118	2-20	Glyph Inscription/Crystal Shaping/Relic Restoration/Astral Navigation/Beast Taming/Blood Alchemy/Clockwork Engineering/Potionmaking/Arcane Tailoring/Spirit Cooking/Dragon Carving/Sigilcraft/Soul Binding
Dragon Egg Shell	1	13-13	Bone Carving
Dragon Scale Fragment	12	1-19	Dragon Carving
Dragonbone	77	1-20	Dragon Carving/Beast Taming/Blood Alchemy/Spirit Cooking/Potionmaking/Blacksmithing/Infernal Forging/Relic Restoration
Dragonscale	69	1-20	Dragon Carving/Beast Taming/Clockwork Engineering/Spirit Cooking/Blacksmithing/Relic Restoration/Siege Engineering
Dreadwood	5	13-20	Woodworking/Siege Engineering/Tide Craft
Dreamstone	7	9-20	Clockwork Engineering/Arcane Tailoring/Astral Navigation/Relic Restoration/Glyph Inscription
Duskmettle	6	9-16	Siege Engineering/Blacksmithing/Stonecutting
Earth Elemental Stone	2	14-15	Elemental Binding/Blacksmithing
Earthquake Amber	3	12-20	Astral Navigation/Crystal Shaping/Void Smithing
Ebonwood	3	9-12	Woodworking/Beast Taming/Siege Engineering
Ectoplasm Reduction	18	1-19	Spirit Cooking
Elderwood	3	11-18	Woodworking/Beast Taming
Electrum	2	9-13	Void Smithing/Blacksmithing
Elemental Shard	8	1-8	Elemental Binding
Emberstone	2	17-19	Astral Navigation/Void Smithing
Emerald	35	2-20	Potionmaking/Stonecutting/Spirit Cooking/Crystal Shaping/Celestial Metallurgy/Glyph Inscription/Beast Taming/Sigilcraft/Dragon Carving
Empty Vessel	10	1-20	Soul Binding
Enchanted Lining	8	1-8	Arcane Tailoring
Enchantment Heartstone	18	2-20	Relic Restoration/Golemancy/Glyph Inscription/Beast Taming/Arcane Tailoring/Sigilcraft/Soul Binding
Etching Needle	26	1-20	Glyph Inscription/Sigilcraft
Ether Stone	7	11-15	Infernal Forging/Relic Restoration/Celestial Metallurgy/Shadow Weaving/Soul Binding
Evocation Crystal	53	3-20	Glyph Inscription/Relic Restoration/Crystal Shaping/Siege Engineering/Potionmaking/Spirit Cooking/Clockwork Engineering/Arcane Tailoring/Sigilcraft
Fang Shard	11	1-19	Dragon Carving
Fate Thread	11	10-20	Shadow Weaving/Soul Binding/Infernal Forging/Relic Restoration
Fathomstone	3	14-15	Elemental Binding/Crystal Shaping/Sigilcraft
Feathers	1	10-10	Potionmaking
Feral Tooth	22	1-19	Beast Taming
Fey Silver	5	9-19	Clockwork Engineering/Infernal Forging/Siege Engineering/Blacksmithing
Feywild Silver	24	6-19	Astral Navigation/Celestial Metallurgy/Siege Engineering/Golemancy/Potionmaking/Stonecutting
Flint	5	9-13	Elemental Binding/Crystal Shaping/Void Smithing/Sigilcraft/Celestial Metallurgy
Flumph Secretion	3	9-16	Blood Alchemy/Dragon Carving
Focusing Wire	8	1-8	Crystal Shaping
Fold Steel	8	1-8	Void Smithing
Fragment of the Original	23	1-18	Relic Restoration
Frost Elemental Ice	2	13-14	Tide Craft/Blacksmithing
Frostwood	4	9-20	Woodworking/Beast Taming/Tide Craft
Garnet	67	2-18	Spirit Cooking/Potionmaking/Relic Restoration/Glyph Inscription/Crystal Shaping/Blacksmithing/Elemental Binding/Void Smithing/Sigilcraft/Celestial Metallurgy/Beast Taming/Blood Alchemy
Gelatinous Cube Residue	2	9-11	Tide Craft/Bone Carving
Ghost Pepper	18	1-19	Spirit Cooking
Ghostwood	3	10-19	Woodworking/Tide Craft/Beast Taming
Ghoul Claw	4	10-15	Beast Taming/Tide Craft/Bone Carving/Blood Alchemy
Giant Spider Silk	4	9-14	Beast Taming/Bone Carving/Dragon Carving/Blood Alchemy
Glacial Diamond	3	9-13	Astral Navigation/Elemental Binding/Void Smithing
Glacial Iron	29	6-18	Crystal Shaping/Celestial Metallurgy/Elemental Binding/Infernal Forging/Stonecutting/Potionmaking/Sigilcraft/Dragon Carving/Blacksmithing
Glass Vial	10	1-12	Potionmaking
Godsteel	4	9-12	Blacksmithing/Clockwork Engineering/Infernal Forging
Gold	36	2-20	Blood Alchemy/Infernal Forging/Spirit Cooking/Relic Restoration/Blacksmithing/Potionmaking
Gold Dragon Scale	6	9-20	Relic Restoration/Infernal Forging/Blacksmithing/Void Smithing
Golem Stone	5	9-19	Astral Navigation/Arcane Tailoring/Glyph Inscription
Grain-Set Lacquer	8	1-8	Woodworking
Gravestone	6	9-13	Spirit Cooking/Shadow Weaving/Soul Binding/Blood Alchemy
Green Dragon Scale	3	14-19	Bone Carving/Dragon Carving
Greystone	1	16-16	Elemental Binding
Heartstone	6	11-14	Spirit Cooking/Shadow Weaving/Soul Binding/Blood Alchemy
Heavenly Solder	8	1-8	Celestial Metallurgy
Hellforged Iron	38	1-20	Infernal Forging/Sigilcraft/Blacksmithing/Golemancy/Spirit Cooking
Hemp Rope	2	10-10	Beast Taming/Shadow Weaving
Herb Bundle	9	1-12	Potionmaking
Hexite	4	9-14	Clockwork Engineering/Arcane Tailoring/Golemancy/Glyph Inscription
Horn	23	1-12	Dragon Carving/Arcane Tailoring/Blood Alchemy/Beast Taming
Ichor Bronze	2	15-20	Golemancy/Blacksmithing
Illusion Glass	20	4-18	Glyph Inscription/Relic Restoration/Arcane Tailoring/Golemancy/Crystal Shaping/Potionmaking/Shadow Weaving/Beast Taming/Soul Binding
Infernal Brass	1	9-9	Clockwork Engineering
Infernal Brimstone	6	9-18	Sigilcraft/Blacksmithing/Elemental Binding/Crystal Shaping/Celestial Metallurgy
Inscriber's Ink	16	1-17	Glyph Inscription
Iron	187	1-17	Sigilcraft/Siege Engineering/Clockwork Engineering/Beast Taming/Blood Alchemy/Relic Restoration/Potionmaking/Astral Navigation/Shadow Weaving/Glyph Inscription/Blacksmithing/Golemancy/Celestial Metallurgy/Void Smithing/Crystal Shaping
Iron Filings	19	1-18	Blood Alchemy
Iron Fitting	21	1-18	Siege Engineering
Iron Ingot	3	6-16	Blacksmithing
Iron Skeleton	8	1-8	Golemancy
Ironbark	5	10-19	Golemancy/Siege Engineering/Void Smithing/Relic Restoration
Ironwood	32	2-20	Beast Taming/Woodworking/Clockwork Engineering/Void Smithing/Relic Restoration/Dragon Carving/Siege Engineering/Sigilcraft/Blacksmithing
Ironwood Plank	8	1-8	Woodworking
Ivory	35	1-14	Astral Navigation/Dragon Carving/Clockwork Engineering/Arcane Tailoring/Tide Craft/Relic Restoration/Beast Taming
Ivory Inlay	8	1-8	Bone Carving
Jade	89	1-20	Beast Taming/Relic Restoration/Potionmaking/Spirit Cooking/Sigilcraft/Glyph Inscription/Celestial Metallurgy/Crystal Shaping/Blood Alchemy
Kraken Ink	1	10-10	Blood Alchemy
Lawful Iron	3	9-19	Void Smithing/Clockwork Engineering/Siege Engineering
Lead	22	2-20	Relic Restoration/Blacksmithing/Infernal Forging/Astral Navigation/Stonecutting
Leather	224	1-13	Relic Restoration/Spirit Cooking/Potionmaking/Beast Taming/Blacksmithing/Astral Navigation/Clockwork Engineering/Blood Alchemy/Dragon Carving/Arcane Tailoring/Siege Engineering/Shadow Weaving
Ley-Touched Silk	8	1-8	Arcane Tailoring
Lich Dust	2	11-13	Bone Carving/Dragon Carving
Liquid Fire	5	9-17	Spirit Cooking/Potionmaking
Livewood	2	11-19	Woodworking/Tide Craft
Magma Crystal	5	13-19	Elemental Binding/Blacksmithing/Tide Craft
Magmaite	26	5-20	Crystal Shaping/Elemental Binding/Golemancy/Stonecutting/Potionmaking/Blacksmithing
Manacite	3	10-14	Arcane Tailoring/Sigilcraft/Glyph Inscription
Manticore Spine	4	10-19	Beast Taming/Blood Alchemy/Dragon Carving
Marrow Dust	8	1-8	Bone Carving
Meridian Glass	21	1-20	Astral Navigation
Mimic Adhesive	3	9-13	Tide Craft/Dragon Carving/Blood Alchemy
Mind Flayer Tendril	4	10-12	Beast Taming/Tide Craft/Bone Carving/Dragon Carving
Mirrorite	4	9-20	Glyph Inscription/Sigilcraft/Arcane Tailoring
Mithral	93	3-20	Relic Restoration/Beast Taming/Clockwork Engineering/Blacksmithing/Sigilcraft/Void Smithing/Astral Navigation/Glyph Inscription/Golemancy/Siege Engineering/Potionmaking
Moonfire Dust	5	9-15	Spirit Cooking/Potionmaking/Blood Alchemy
Moonpearl	5	9-17	Elemental Binding/Crystal Shaping/Void Smithing/Celestial Metallurgy
Moonsilver	38	4-19	Relic Restoration/Potionmaking/Spirit Cooking/Celestial Metallurgy/Clockwork Engineering/Crystal Shaping/Siege Engineering/Void Smithing/Golemancy
Moonstone	87	1-18	Beast Taming/Spirit Cooking/Potionmaking/Crystal Shaping/Astral Navigation/Relic Restoration/Soul Binding/Glyph Inscription/Stonecutting/Celestial Metallurgy/Elemental Binding
Nature Hearthstone	26	6-20	Beast Taming/Spirit Cooking/Shadow Weaving/Soul Binding/Blood Alchemy/Potionmaking/Dragon Carving
Necromancy Stone	30	6-20	Glyph Inscription/Arcane Tailoring/Blood Alchemy/Spirit Cooking/Soul Binding/Potionmaking/Blacksmithing/Astral Navigation/Sigilcraft/Shadow Weaving
Needle of Bone	19	1-16	Shadow Weaving
Negative Energy Crystal	9	9-19	Shadow Weaving/Soul Binding/Celestial Metallurgy/Relic Restoration
Nickel	20	13-18	Blacksmithing/Celestial Metallurgy
Night Hag Hair	4	10-17	Bone Carving/Tide Craft/Dragon Carving/Blood Alchemy
Null Alloy	8	1-8	Void Smithing
Null Powder	6	9-19	Spirit Cooking/Potionmaking/Blood Alchemy
Oak	196	1-20	Siege Engineering/Relic Restoration/Spirit Cooking/Astral Navigation/Clockwork Engineering/Beast Taming/Potionmaking/Dragon Carving/Blood Alchemy/Blacksmithing/Woodworking/Tide Craft
Obsidian	48	1-17	Relic Restoration/Elemental Binding/Potionmaking/Crystal Shaping/Blacksmithing
Obsidian Dust	4	12-17	Crystal Shaping/Astral Navigation/Elemental Binding/Sigilcraft
Obsidian Gem	25	6-19	Elemental Binding/Spirit Cooking/Soul Binding/Crystal Shaping/Celestial Metallurgy
Obsidian Glass	4	9-12	Elemental Binding/Sigilcraft/Celestial Metallurgy/Stonecutting
Oil Reservoir	20	1-18	Clockwork Engineering
Onyx	52	2-20	Spirit Cooking/Glyph Inscription/Sigilcraft/Blacksmithing/Soul Binding/Potionmaking/Crystal Shaping/Blood Alchemy
Orichalcum	3	10-20	Siege Engineering/Infernal Forging/Blacksmithing
Owlbear Claw	4	10-19	Dragon Carving/Bone Carving
Peachwood	3	11-12	Woodworking/Beast Taming/Siege Engineering
Pearl Dust	8	1-8	Tide Craft
Peridot	23	11-17	Sigilcraft/Blacksmithing/Crystal Shaping/Astral Navigation/Void Smithing/Stonecutting
Petrification Resin	10	9-20	Potionmaking/Spirit Cooking/Blood Alchemy
Petrified Lightning	2	9-12	Tide Craft/Blacksmithing
Philosopher's Quicksilver	3	10-12	Siege Engineering/Void Smithing/Celestial Metallurgy
Phoenix Feather	4	12-18	Dragon Carving/Beast Taming/Bone Carving/Blood Alchemy
Platinum	24	9-17	Potionmaking/Blacksmithing/Clockwork Engineering/Infernal Forging/Golemancy/Celestial Metallurgy
Polishing Grit	11	1-16	Crystal Shaping
Polishing Sand	8	1-8	Stonecutting
Poltergeist Fragment	4	9-18	Tide Craft/Bone Carving/Blood Alchemy
Positive Energy Crystal	8	10-19	Infernal Forging/Shadow Weaving/Soul Binding/Relic Restoration
Preservation Oil	17	1-18	Relic Restoration
Pressure Valve	17	1-17	Clockwork Engineering
Prismaite	4	12-14	Elemental Binding/Crystal Shaping/Sigilcraft/Stonecutting
Prismatic Tourmaline	5	11-18	Arcane Tailoring/Astral Navigation/Sigilcraft/Glyph Inscription
Prophet Crystal	7	10-20	Sigilcraft/Clockwork Engineering/Arcane Tailoring/Golemancy/Glyph Inscription/Astral Navigation
Psionic Mindgem	38	3-20	Potionmaking/Crystal Shaping/Astral Navigation/Clockwork Engineering/Spirit Cooking/Glyph Inscription/Arcane Tailoring/Sigilcraft/Beast Taming/Soul Binding
Quarried Stone	8	1-8	Stonecutting
Quenching Salt	4	1-16	Blacksmithing
Quicksilver Steel	4	10-15	Blacksmithing/Infernal Forging/Void Smithing/Relic Restoration
Raw Crystal Shard	12	1-16	Crystal Shaping
Reality Shard	7	11-17	Soul Binding/Infernal Forging/Void Smithing/Shadow Weaving
Red Dragon Scale	2	12-19	Dragon Carving/Bone Carving
Reed	3	9-15	Woodworking/Tide Craft/Siege Engineering
Reinforcing Plate	19	1-18	Siege Engineering
Reinforcing Rebar	8	1-8	Stonecutting
Rendered Tallow	3	9-14	Arcane Tailoring/Beast Taming/Shadow Weaving
Replacement Inlay	19	1-18	Relic Restoration
Resonance Coil	8	1-8	Elemental Binding
Resonance Compound	5	11-20	Potionmaking/Spirit Cooking
Resonance Dust	10	1-16	Crystal Shaping
River Mud	8	10-16	Spirit Cooking/Golemancy/Clockwork Engineering/Woodworking/Potionmaking
Roc Talon	2	13-18	Bone Carving
Root Fiber	8	1-8	Woodworking
Rose Petal	1	6-6	Spirit Cooking
Ruby	77	1-20	Potionmaking/Crystal Shaping/Spirit Cooking/Glyph Inscription/Sigilcraft/Beast Taming/Celestial Metallurgy/Blood Alchemy/Relic Restoration/Clockwork Engineering/Elemental Binding/Dragon Carving
Rune Chalk	21	1-20	Glyph Inscription
Rune Stone	8	1-8	Sigilcraft
Runegold	2	10-20	Clockwork Engineering/Blacksmithing
Runesteel	158	1-19	Glyph Inscription/Sigilcraft/Relic Restoration/Beast Taming/Clockwork Engineering/Siege Engineering/Astral Navigation/Arcane Tailoring
Runic Lodestone	27	4-20	Relic Restoration/Sigilcraft/Glyph Inscription/Arcane Tailoring/Astral Navigation
Rust Monster Antennae	2	9-11	Beast Taming/Blood Alchemy
Salamander Scale	2	12-12	Blacksmithing/Elemental Binding
Salt Crystal	15	10-19	Siege Engineering/Woodworking/Potionmaking/Spirit Cooking/Golemancy/Glyph Inscription
Salt-Cured Rope	8	1-8	Tide Craft
Sanguine Copper	3	10-14	Void Smithing/Blacksmithing/Stonecutting
Sap Resin	8	1-8	Woodworking
Sapphire	38	1-18	Crystal Shaping/Sigilcraft/Relic Restoration/Spirit Cooking/Glyph Inscription/Celestial Metallurgy/Void Smithing/Potionmaking
Sealant Varnish	8	1-8	Sigilcraft
Sealing Resin	8	1-8	Elemental Binding
Sealing Wax	29	1-20	Soul Binding/Glyph Inscription
Seasoaked Timber	8	1-8	Tide Craft
Seastone	1	18-18	Astral Navigation
Shadow Essence	5	9-20	Shadow Weaving/Soul Binding
Shadow Obsidian	51	2-20	Glyph Inscription/Shadow Weaving/Crystal Shaping/Sigilcraft/Potionmaking/Spirit Cooking/Stonecutting/Dragon Carving/Relic Restoration
Shadow-Touched Thread	20	1-18	Shadow Weaving
Shadowglass	5	9-19	Soul Binding/Shadow Weaving/Void Smithing
Shadowsteel	102	4-20	Shadow Weaving/Clockwork Engineering/Golemancy/Potionmaking/Astral Navigation/Soul Binding/Blacksmithing/Void Smithing/Stonecutting/Dragon Carving/Sigilcraft
Silver	41	2-18	Beast Taming/Void Smithing/Crystal Shaping/Soul Binding/Relic Restoration/Celestial Metallurgy/Blacksmithing/Clockwork Engineering/Infernal Forging/Astral Navigation/Siege Engineering/Blood Alchemy
Silver Astrolabe Piece	19	1-20	Astral Navigation
Silver Dragon Scale	7	11-16	Stonecutting/Blacksmithing/Clockwork Engineering/Siege Engineering/Golemancy
Silver Setting	11	1-16	Crystal Shaping
Sinew Cord	18	1-19	Bone Carving/Dragon Carving
Skymetal	2	11-19	Stonecutting/Blacksmithing
Solarite	4	14-20	Relic Restoration/Clockwork Engineering/Celestial Metallurgy/Stonecutting
Sorrowstone	10	9-20	Blood Alchemy/Spirit Cooking/Shadow Weaving/Soul Binding
Soulsteel	150	1-20	Spirit Cooking/Soul Binding/Void Smithing/Potionmaking/Blood Alchemy/Glyph Inscription/Infernal Forging/Relic Restoration/Sigilcraft/Shadow Weaving/Beast Taming/Golemancy/Stonecutting/Dragon Carving
Soulwood	1	10-10	Woodworking
Spark Core	8	1-8	Golemancy
Sphinx Fur	5	9-20	Blood Alchemy/Beast Taming/Dragon Carving
Spiderstone	2	9-10	Astral Navigation/Elemental Binding
Spirit Anchor	11	1-20	Soul Binding
Spirit-Touched Herb	17	1-19	Spirit Cooking
Spiritbone	3	12-17	Beast Taming/Bone Carving/Dragon Carving
Spiritsteel	34	6-20	Astral Navigation/Relic Restoration/Blacksmithing/Beast Taming/Potionmaking/Soul Binding/Infernal Forging/Shadow Weaving
Star Chart Fragment	21	1-20	Astral Navigation
Starfall Copper	4	9-12	Infernal Forging/Blacksmithing/Relic Restoration
Starfire Opal	4	10-19	Elemental Binding/Stonecutting/Celestial Metallurgy/Crystal Shaping
Starmetal	237	2-20	Relic Restoration/Astral Navigation/Clockwork Engineering/Glyph Inscription/Crystal Shaping/Potionmaking/Spirit Cooking/Siege Engineering/Sigilcraft/Celestial Metallurgy/Blacksmithing/Infernal Forging/Beast Taming/Soul Binding
Starmetal Ingot	8	1-8	Celestial Metallurgy
Starthread	27	3-19	Shadow Weaving/Celestial Metallurgy/Arcane Tailoring/Soul Binding/Relic Restoration
Starvine	4	11-18	Woodworking/Beast Taming/Tide Craft
Steel	429	1-19	Siege Engineering/Clockwork Engineering/Blacksmithing/Relic Restoration/Astral Navigation/Beast Taming/Blood Alchemy/Soul Binding/Dragon Carving/Sigilcraft/Golemancy
Stopper Wax	11	1-17	Potionmaking
Storm Elemental Spark	2	15-20	Blacksmithing
Stormglass	30	5-19	Potionmaking/Astral Navigation/Crystal Shaping/Elemental Binding/Sigilcraft
Stormstone	1	15-15	Astral Navigation
Styx Water	36	8-20	Shadow Weaving/Soul Binding/Spirit Cooking/Potionmaking/Sigilcraft/Astral Navigation/Void Smithing/Blood Alchemy
Sunfire Citrine	3	9-14	Astral Navigation/Elemental Binding/Celestial Metallurgy
Sunstone	4	11-20	Astral Navigation/Elemental Binding/Sigilcraft/Stonecutting
Tempering Oil	2	11-16	Blacksmithing
Tension Rope	16	1-14	Siege Engineering
Tension Spring	20	1-18	Clockwork Engineering
Thornmetal	6	9-20	Beast Taming/Woodworking/Tide Craft/Siege Engineering
Thornweave	23	11-16	Dragon Carving/Woodworking/Beast Taming/Tide Craft
Thornwood	2	12-19	Siege Engineering/Woodworking
Thundercrystal	6	9-19	Sigilcraft/Stonecutting/Elemental Binding/Crystal Shaping/Void Smithing
Thunderpearl	6	10-20	Astral Navigation/Crystal Shaping/Sigilcraft/Celestial Metallurgy/Stonecutting
Tidecoral	24	7-17	Dragon Carving/Beast Taming/Astral Navigation/Sigilcraft/Elemental Binding/Bone Carving
Timber Beam	20	1-17	Siege Engineering
Tin	23	3-19	Infernal Forging/Clockwork Engineering/Blacksmithing/Stonecutting
Titan Bone	3	9-18	Bone Carving/Dragon Carving
Titanium	27	6-16	Clockwork Engineering/Blacksmithing/Siege Engineering/Golemancy/Relic Restoration
Topaz	42	2-18	Siege Engineering/Potionmaking/Crystal Shaping/Stonecutting/Spirit Cooking/Glyph Inscription/Void Smithing/Sigilcraft
Transmutation Flux	10	9-20	Clockwork Engineering/Potionmaking/Arcane Tailoring/Glyph Inscription/Golemancy/Sigilcraft
Treant Bark	2	9-14	Woodworking/Tide Craft
Truesilver	4	11-20	Clockwork Engineering/Celestial Metallurgy/Siege Engineering
Truthstone	5	12-18	Glyph Inscription/Arcane Tailoring/Golemancy/Relic Restoration/Sigilcraft
Umbral Dust	23	1-19	Shadow Weaving
Undead Bone	5	10-20	Tide Craft/Bone Carving/Dragon Carving/Blood Alchemy
Vampire Ash	4	12-20	Bone Carving/Dragon Carving/Blood Alchemy
Veilcloth	110	1-20	Shadow Weaving/Soul Binding/Potionmaking/Dragon Carving
Veinstone	4	9-16	Celestial Metallurgy/Astral Navigation/Sigilcraft
Vellum	1	4-4	Soul Binding
Vial of Willing Blood	16	1-18	Blood Alchemy
Vitriol	8	9-20	Potionmaking/Spirit Cooking
Void Iron	5	11-17	Golemancy/Blacksmithing/Siege Engineering
Void Nullstone	101	6-20	Siege Engineering/Crystal Shaping/Astral Navigation/Relic Restoration/Glyph Inscription/Shadow Weaving/Sigilcraft/Potionmaking/Beast Taming/Spirit Cooking/Soul Binding/Clockwork Engineering/Blacksmithing/Void Smithing/Celestial Metallurgy
Void Pearl	2	11-14	Astral Navigation/Celestial Metallurgy
Void-Touched Needle	13	1-19	Astral Navigation
Void-Touched Ore	8	1-8	Void Smithing
Voidcrystal	2	13-18	Sigilcraft/Elemental Binding
Voidmetal	53	9-20	Clockwork Engineering/Shadow Weaving/Relic Restoration/Potionmaking/Siege Engineering/Blacksmithing/Sigilcraft/Soul Binding/Golemancy/Celestial Metallurgy/Stonecutting
Voidsap Wood	5	11-19	Woodworking/Beast Taming/Tide Craft/Siege Engineering
Ward Wire	8	1-8	Arcane Tailoring
Warded Chain	11	1-20	Soul Binding
Warded Parchment	20	1-20	Glyph Inscription
Warstone	1	14-14	Sigilcraft
Water Elemental Essence	1	12-12	Elemental Binding
Whale Ivory	1	15-15	Bone Carving
Whetstone Grit	3	1-16	Blacksmithing
White Dragon Scale	3	11-14	Bone Carving/Blacksmithing/Dragon Carving
Wild Magic Prismastone	7	9-16	Crystal Shaping/Arcane Tailoring/Astral Navigation/Sigilcraft/Glyph Inscription
Will-o-Wisp Essence	4	9-16	Beast Taming/Bone Carving/Blood Alchemy
Witchstone	4	10-17	Sigilcraft/Arcane Tailoring/Glyph Inscription
Woven Sinew	22	1-19	Beast Taming
Wraithbone	41	2-19	Soul Binding/Spirit Cooking/Dragon Carving/Bone Carving/Beast Taming/Tide Craft/Blood Alchemy
Wyrmling Bile	3	9-20	Dragon Carving/Infernal Forging/Bone Carving
Wyrmscale	4	15-20	Blacksmithing/Dragon Carving/Infernal Forging
Wyrmwood	3	11-17	Siege Engineering/Woodworking/Tide Craft
Wyvern Barb	4	12-19	Dragon Carving/Beast Taming/Bone Carving/Blood Alchemy
Yew	20	7-17	Woodworking